sistema,bloco_MB,teste,alloc_ms,write_ms,read_ms,free_ms
windows,100,1,0.0274,48.6073,7.6144,16.4845
windows,100,2,0.0316,60.996,7.8034,16.3372
windows,100,3,0.0312,47.7869,7.4557,15.8537
windows,100,4,0.0269,47.8518,7.62,15.8806
windows,100,5,0.033,47.2056,7.5051,15.7072
windows,100,6,0.0349,49.2117,7.6686,15.2717
windows,100,7,0.0305,47.6409,7.4692,17.2918
windows,100,8,0.0325,63.1928,11.0317,17.3823
windows,100,9,0.0326,50.9261,7.6663,16.0218
windows,100,10,0.0319,62.6965,11.9611,16.1665
windows,100,11,0.0332,53.6536,9.5866,18.155
windows,100,12,0.0347,55.141,8.6788,16.5362
windows,100,13,0.031,49.8024,7.6043,16.1032
windows,100,14,0.0329,48.8093,7.564,15.1783
windows,100,15,0.0325,47.8007,9.8423,16.4027
windows,100,16,0.0488,62.3603,10.4989,17.923
windows,100,17,0.0329,56.5761,7.4959,15.6619
windows,100,18,0.0369,48.1561,7.8085,16.7481
windows,100,19,0.0339,67.0382,12.0336,18.4734
windows,100,20,0.0283,53.8412,7.5527,15.8199
windows,100,21,0.0316,48.3233,7.9098,15.323
windows,100,22,0.0278,48.2055,7.6442,14.8328
windows,100,23,0.031,47.0926,7.503,14.7467
windows,100,24,0.0306,46.7912,7.5204,14.8628
windows,100,25,0.0276,46.9253,7.665,14.6543
windows,100,26,0.0513,47.5137,7.4206,14.5441
windows,100,27,0.0462,46.7682,7.595,14.4708
windows,100,28,0.0553,46.844,7.9428,14.4531
windows,100,29,0.0695,46.8611,8.077,14.53
windows,100,30,0.0536,46.9179,7.7658,14.5545
windows,100,31,0.0421,48.448,7.3665,14.4444
windows,100,32,0.0565,46.7995,7.8263,14.0991
windows,100,33,0.0634,47.6793,7.6114,14.43
windows,100,34,0.0603,50.7865,8.5342,15.4048
windows,100,35,0.0326,50.363,7.7644,15.7689
windows,100,36,0.0601,48.7502,7.8239,15.2796
windows,100,37,0.0635,48.4191,7.9606,15.2692
windows,100,38,0.0438,48.4972,7.8063,16.0042
windows,100,39,0.0628,48.5262,7.842,14.7079
windows,100,40,0.0519,47.6864,7.61,14.7506
windows,100,41,0.0631,47.4521,7.4209,14.3876
windows,100,42,0.0667,46.8787,7.6732,14.4326
windows,100,43,0.1194,52.1824,8.0471,15.7643
windows,100,44,0.0747,49.6918,8.3167,15.3797
windows,100,45,0.063,47.821,7.5341,14.7565
windows,100,46,0.0606,48.4896,7.8844,14.3537
windows,100,47,0.0562,47.1109,7.9393,15.2004
windows,100,48,0.0599,51.4145,8.0098,15.6193
windows,100,49,0.0616,49.768,8.0059,15.7852
windows,100,50,0.0312,48.4308,8.695,15.2093
windows,100,51,0.0276,55.6673,9.553,16.0623
windows,100,52,0.0523,51.389,8.2208,16.6825
windows,100,53,0.0273,57.2143,8.198,16.6394
windows,100,54,0.0336,51.7938,9.7936,15.3721
windows,100,55,0.0634,49.1464,7.7816,14.7956
windows,100,56,0.0281,53.1693,7.8587,15.5125
windows,100,57,0.0308,48.7237,7.9783,15.0104
windows,100,58,0.0284,56.6819,7.6812,15.1963
windows,100,59,0.0311,47.9111,7.6435,15.6378
windows,100,60,0.0274,53.8947,8.0277,15.2571
windows,100,61,0.0329,54.8138,7.8839,16.7711
windows,100,62,0.0324,57.1336,7.5298,16.5852
windows,100,63,0.0372,49.8392,9.8216,16.9049
windows,100,64,0.0321,57.7848,7.847,15.7683
windows,100,65,0.0333,49.0466,7.9082,15.6412
windows,100,66,0.0291,53.7561,7.9218,15.3494
windows,100,67,0.0354,48.1196,7.582,14.7302
windows,100,68,0.0279,52.1218,7.623,22.1374
windows,100,69,0.1151,83.2266,12.8681,20.6922
windows,100,70,0.03,53.5144,7.5115,15.7934
windows,100,71,0.0307,51.0377,7.6375,15.3792
windows,100,72,0.0305,54.2102,13.0336,18.0117
windows,100,73,0.0321,55.3056,10.5485,18.1266
windows,100,74,0.035,57.0181,9.9828,17.4633
windows,100,75,0.0426,54.6406,8.1677,15.7637
windows,100,76,0.0313,51.0116,8.7005,15.6722
windows,100,77,0.0552,57.8453,8.1168,14.9295
windows,100,78,0.0624,48.938,7.8816,15.8748
windows,100,79,0.0608,48.6516,7.4412,15.4321
windows,100,80,0.0631,52.8041,19.405,27.4098
windows,100,81,0.0548,82.5081,12.3245,19.0092
windows,100,82,0.0346,64.7678,18.0899,18.83
windows,100,83,0.0413,52.9699,10.5161,16.4749
windows,100,84,0.0356,52.6377,7.7814,16.0422
windows,100,85,0.0322,53.2438,7.4958,17.3399
windows,100,86,0.0409,54.9145,10.9934,20.3291
windows,100,87,0.0463,68.4505,12.6607,17.8838
windows,100,88,0.035,57.5059,9.5626,16.3724
windows,100,89,0.038,55.8221,9.1832,17.1873
windows,100,90,0.0306,65.581,12.9844,20.3518
windows,100,91,0.031,53.9641,8.9829,16.604
windows,100,92,0.036,49.8364,7.6659,15.4927
windows,100,93,0.0344,51.2856,9.1079,15.7697
windows,100,94,0.0317,49.4907,8.2096,15.114
windows,100,95,0.033,49.8941,9.2198,15.1108
windows,100,96,0.0649,50.1988,7.5234,15.4832
windows,100,97,0.0657,49.1556,10.0762,17.7945
windows,100,98,0.0502,55.1514,8.801,14.5402
windows,100,99,0.0955,49.1558,9.7033,15.3327
windows,100,100,0.0759,54.4416,10.0177,15.8614
windows,200,1,0.0675,121.9341,16.3389,34.1998
windows,200,2,0.0933,99.4632,16.5001,32.5696
windows,200,3,0.1156,100.0818,16.7666,36.388
windows,200,4,0.1127,102.1017,16.7785,31.8624
windows,200,5,0.1048,110.737,16.9162,35.682
windows,200,6,0.0809,103.9318,21.5193,32.6637
windows,200,7,0.0938,114.1757,21.8521,34.7585
windows,200,8,0.0872,102.8178,16.3499,34.4136
windows,200,9,0.0995,95.9297,16.0413,30.0035
windows,200,10,0.1039,98.6879,15.1706,31.2353
windows,200,11,0.153,95.9387,14.883,29.8038
windows,200,12,0.1585,94.1315,16.0609,38.7238
windows,200,13,0.1021,94.3108,15.538,31.4514
windows,200,14,0.1474,100.6943,16.0593,30.3712
windows,200,15,0.1575,94.0823,14.9464,29.8892
windows,200,16,0.1237,108.4457,18.8665,32.9458
windows,200,17,0.102,96.8293,15.2369,32.0468
windows,200,18,0.0742,93.5944,14.9273,35.199
windows,200,19,0.3181,94.9925,18.3958,30.0978
windows,200,20,0.1594,98.617,18.6147,31.1198
windows,200,21,0.1275,97.2251,14.7492,34.7925
windows,200,22,0.1629,98.1004,15.0571,31.2023
windows,200,23,0.0894,96.5341,15.3412,30.0127
windows,200,24,0.1256,96.7535,14.941,32.5979
windows,200,25,0.1487,97.4677,15.2219,31.3237
windows,200,26,0.1482,98.7065,15.5055,30.2657
windows,200,27,0.1654,99.9671,15.1047,37.542
windows,200,28,0.0833,112.2834,15.8956,32.3473
windows,200,29,0.1036,94.2153,17.9542,33.5553
windows,200,30,0.1939,102.0346,15.3937,30.8245
windows,200,31,0.1033,106.5278,14.9378,30.9383
windows,200,32,0.1049,95.3156,15.2934,31.6247
windows,200,33,0.1097,97.4371,14.8686,30.0227
windows,200,34,0.1065,109.6803,15.1424,29.981
windows,200,35,0.1566,95.8183,17.112,31.74
windows,200,36,0.0907,117.8641,22.9823,37.599
windows,200,37,0.0734,110.5848,26.4359,32.4642
windows,200,38,0.091,114.3777,114.67,64.9462
windows,200,39,0.0537,115.4642,16.9505,33.9011
windows,200,40,0.1068,110.0342,22.4132,38.6207
windows,200,41,0.0592,117.0525,24.4585,39.0512
windows,200,42,0.0701,107.8573,16.1408,34.2929
windows,200,43,0.0902,98.9102,19.6128,33.0439
windows,200,44,0.1048,100.5503,20.2676,36.7593
windows,200,45,0.0853,100.908,15.5652,32.6432
windows,200,46,0.088,98.5891,16.9906,35.2175
windows,200,47,0.0879,101.5758,15.07,31.8699
windows,200,48,0.1057,103.5287,16.4443,33.2882
windows,200,49,0.0775,102.2768,15.974,32.792
windows,200,50,0.053,101.2674,16.198,35.2001
windows,200,51,0.087,114.8006,16.8479,32.9169
windows,200,52,0.0888,96.8306,15.3889,33.2423
windows,200,53,0.0892,113.2992,18.2419,36.3968
windows,200,54,0.0833,130.8189,24.1269,40.8151
windows,200,55,0.0774,119.219,16.6954,35.3654
windows,200,56,0.0934,117.3518,25.2129,41.4067
windows,200,57,0.0797,132.2871,21.0661,36.4802
windows,200,58,0.1429,118.3731,28.0418,37.208
windows,200,59,0.0874,110.8296,16.8386,33.0382
windows,200,60,0.0926,101.5819,17.3301,35.0411
windows,200,61,0.0863,104.8315,19.4374,35.4432
windows,200,62,0.0624,100.6792,16.2543,33.9293
windows,200,63,0.0897,107.9812,16.7342,33.9562
windows,200,64,0.0881,103.7643,16.4966,32.7317
windows,200,65,0.0783,100.5359,19.0114,41.4145
windows,200,66,0.0929,111.9287,21.5565,39.9128
windows,200,67,0.1006,119.2748,20.8174,36.4615
windows,200,68,0.1065,101.445,16.7922,32.3478
windows,200,69,0.1059,105.2979,17.5046,32.9562
windows,200,70,0.1111,104.5294,16.4525,33.1255
windows,200,71,0.0902,99.3023,16.1824,32.7061
windows,200,72,0.0868,99.4604,15.0951,31.5323
windows,200,73,0.1101,99.46,17.015,31.6088
windows,200,74,0.1073,98.4619,15.7944,32.447
windows,200,75,0.1028,99.3132,16.285,32.642
windows,200,76,0.1053,101.6128,16.0314,32.512
windows,200,77,0.0881,100.6475,16.8274,33.5167
windows,200,78,0.1031,96.1109,15.3986,31.6457
windows,200,79,0.1048,95.3352,15.1747,30.9052
windows,200,80,0.1051,99.4207,16.8785,31.6358
windows,200,81,0.1076,100.0707,16.0351,31.3216
windows,200,82,0.104,98.06,16.2472,33.3977
windows,200,83,0.0687,101.4076,15.8568,31.8795
windows,200,84,0.1062,97.2103,15.188,31.9264
windows,200,85,0.1087,103.4799,15.4934,30.8731
windows,200,86,0.1071,98.1472,15.9893,31.954
windows,200,87,0.1071,98.0721,15.9128,31.755
windows,200,88,0.1149,100.4051,17.2663,33.2502
windows,200,89,0.1011,104.8822,19.6344,33.8203
windows,200,90,0.0953,103.1525,16.0408,32.9175
windows,200,91,0.1042,103.4312,16.6473,33.3422
windows,200,92,0.104,102.6996,16.6522,32.9104
windows,200,93,0.1057,103.7953,16.8263,32.8317
windows,200,94,0.088,100.6892,17.2698,31.8995
windows,200,95,0.0888,120.3927,17.1477,32.1802
windows,200,96,0.0951,106.5179,16.9092,32.9805
windows,200,97,0.105,101.9998,16.9679,33.5938
windows,200,98,0.1019,98.66,17.2378,31.9063
windows,200,99,0.1019,97.0347,17.5095,38.9303
windows,200,100,0.2504,108.5544,17.935,33.467
windows,300,1,0.0375,168.4503,23.9278,60.7957
windows,300,2,0.0513,188.5803,42.514,63.1056
windows,300,3,0.0472,172.7977,26.751,53.6225
windows,300,4,0.0471,159.7318,25.1838,52.5863
windows,300,5,0.0445,176.2382,22.7162,50.3422
windows,300,6,0.0435,149.7659,33.0788,57.4571
windows,300,7,0.0392,158.5924,22.568,47.5482
windows,300,8,0.0406,161.219,27.7962,56.8801
windows,300,9,0.0482,156.0143,23.4867,49.8842
windows,300,10,0.0411,147.1388,23.0246,49.5328
windows,300,11,0.0413,148.2052,23.6512,51.7156
windows,300,12,0.0438,148.8866,27.1376,56.6251
windows,300,13,0.0899,172.3883,27.8362,55.1797
windows,300,14,0.0448,148.6344,24.069,48.7123
windows,300,15,0.0452,146.884,23.9248,58.085
windows,300,16,0.0396,169.6376,32.7669,61.6488
windows,300,17,0.0401,164.2309,23.2423,51.793
windows,300,18,0.0403,151.8917,24.0383,50.2439
windows,300,19,0.0504,143.9328,23.3479,49.4725
windows,300,20,0.0498,150.4646,23.2108,57.0173
windows,300,21,0.0428,155.7818,22.2318,47.4858
windows,300,22,0.0387,151.2959,25.2599,50.3128
windows,300,23,0.044,157.8183,25.237,51.5912
windows,300,24,0.0414,148.9748,23.3291,48.0712
windows,300,25,0.1209,150.8545,23.563,53.2983
windows,300,26,0.0407,160.2167,26.5467,50.9963
windows,300,27,0.0434,164.4607,26.5114,64.0889
windows,300,28,0.0473,168.4882,29.6291,52.2463
windows,300,29,0.043,173.167,27.1912,51.7163
windows,300,30,0.0421,174.2764,104.2664,66.0006
windows,300,31,0.052,165.8182,32.3079,58.1758
windows,300,32,0.045,174.2652,23.8526,50.4334
windows,300,33,0.0411,167.2281,28.3202,51.0385
windows,300,34,0.0435,152.0086,24.9994,53.2351
windows,300,35,0.0464,156.6406,25.3319,49.2262
windows,300,36,0.0446,152.1874,24.2131,49.0812
windows,300,37,0.0477,149.5353,26.3168,48.4491
windows,300,38,0.0412,152.0441,25.6656,49.094
windows,300,39,0.0451,158.8157,26.9804,48.1814
windows,300,40,0.0427,145.6582,23.9877,48.9615
windows,300,41,0.0447,145.2972,24.464,50.4944
windows,300,42,0.0415,151.0655,23.267,51.1737
windows,300,43,0.041,146.8694,27.3103,55.8843
windows,300,44,0.0444,151.2293,26.8689,49.1133
windows,300,45,0.073,146.6199,24.5646,48.9483
windows,300,46,0.0781,148.8285,26.7476,48.0686
windows,300,47,0.0653,148.9748,27.4815,48.7702
windows,300,48,0.0814,154.2409,25.544,49.3929
windows,300,49,0.0386,165.1942,25.3654,49.4256
windows,300,50,0.0468,149.581,25.2243,48.6004
windows,300,51,0.0689,164.3053,26.4795,49.7185
windows,300,52,0.0436,152.4649,25.6549,52.5866
windows,300,53,0.0413,161.823,23.3086,47.781
windows,300,54,0.0422,145.9636,23.6501,49.1347
windows,300,55,0.038,162.4644,23.4775,49.5444
windows,300,56,0.0427,143.7023,22.6771,52.8539
windows,300,57,0.0448,148.2638,24.8901,48.3495
windows,300,58,0.1146,150.0925,23.5083,48.3667
windows,300,59,0.0368,183.8691,31.5283,58.3832
windows,300,60,0.0416,179.4088,32.0549,56.3935
windows,300,61,0.038,172.5129,24.1392,49.8876
windows,300,62,0.0464,152.7143,26.7685,50.0352
windows,300,63,0.0378,173.4622,26.4313,51.0648
windows,300,64,0.0397,144.0711,22.585,46.8052
windows,300,65,0.0434,163.4652,33.8291,54.8054
windows,300,66,0.0383,162.144,22.5482,47.7386
windows,300,67,0.0438,145.316,23.138,48.5286
windows,300,68,0.0372,164.7084,24.373,48.7499
windows,300,69,0.0523,151.6321,30.8095,54.4463
windows,300,70,0.0441,163.985,25.7996,51.2304
windows,300,71,0.045,147.0668,23.7371,48.9838
windows,300,72,0.0365,162.9995,23.5819,61.2106
windows,300,73,0.0487,148.5674,23.9142,53.2243
windows,300,74,0.0427,149.7369,23.7817,48.5849
windows,300,75,0.0375,163.8182,23.5775,48.9434
windows,300,76,0.0444,149.7017,24.7649,47.6655
windows,300,77,0.0431,147.117,23.7649,47.6935
windows,300,78,0.084,147.931,28.7997,49.832
windows,300,79,0.0414,162.2467,23.3962,47.7739
windows,300,80,0.043,144.7839,24.6173,48.4873
windows,300,81,0.0363,169.238,25.357,48.6314
windows,300,82,0.0422,162.6806,29.8797,61.7239
windows,300,83,0.0481,164.728,23.1964,48.1973
windows,300,84,0.0451,148.7278,25.377,49.0259
windows,300,85,0.0437,151.4308,23.8147,50.4258
windows,300,86,0.0755,150.1638,25.0073,55.0525
windows,300,87,0.0376,155.3761,26.1504,48.7214
windows,300,88,0.0411,165.5376,24.2432,49.4562
windows,300,89,0.0451,147.9851,24.6841,49.6994
windows,300,90,0.0374,167.3853,23.53,57.1122
windows,300,91,0.0495,172.8454,23.9636,48.686
windows,300,92,0.0363,160.8431,22.8629,49.1125
windows,300,93,0.046,147.5007,24.4635,48.9539
windows,300,94,0.0656,216.6657,41.928,49.6989
windows,300,95,0.0472,155.0838,26.1327,48.1033
windows,300,96,0.0469,165.9321,23.6803,48.1741
windows,300,97,0.0433,145.7091,23.6942,48.5978
windows,300,98,0.0452,146.9202,25.1038,48.6279
windows,300,99,0.0386,185.2677,38.2719,57.4719
windows,300,100,0.0432,151.8863,27.952,48.5366
windows,400,1,0.0295,228.3643,33.35,69.6551
windows,400,2,0.0711,202.6596,33.6776,69.5314
windows,400,3,0.0795,207.1986,31.9012,67.7307
windows,400,4,0.0985,201.8751,32.1075,65.9318
windows,400,5,0.0964,205.017,33.4915,68.1505
windows,400,6,0.0975,221.8459,41.2827,64.5736
windows,400,7,0.1004,195.2671,33.173,65.5688
windows,400,8,0.095,194.9776,34.3705,66.6325
windows,400,9,0.0945,200.357,35.4494,69.2964
windows,400,10,0.0905,202.3938,32.2735,67.2171
windows,400,11,0.1052,198.2566,31.4714,66.0673
windows,400,12,0.0811,199.8133,33.2489,86.1916
windows,400,13,0.0518,246.3144,43.4836,78.4357
windows,400,14,0.0442,229.8968,38.762,67.459
windows,400,15,0.0954,200.7724,35.2148,71.6832
windows,400,16,0.0406,234.7534,46.0511,78.7691
windows,400,17,0.0313,210.3041,31.2451,71.1196
windows,400,18,0.0875,199.502,38.1217,86.3923
windows,400,19,0.1339,211.8175,31.1961,69.3154
windows,400,20,0.1013,198.1344,32.0307,68.0755
windows,400,21,0.0817,198.8417,32.0464,72.2043
windows,400,22,0.1,209.7135,31.2528,68.7444
windows,400,23,0.0903,199.6003,31.361,70.8154
windows,400,24,0.0962,201.3683,34.276,67.0748
windows,400,25,0.0752,217.3457,33.1403,69.1711
windows,400,26,0.1011,228.5414,31.6101,69.5093
windows,400,27,0.1001,197.7042,33.7878,67.3829
windows,400,28,0.0967,208.2728,36.766,68.649
windows,400,29,0.079,199.6535,31.9356,67.6749
windows,400,30,0.0495,198.4643,32.1932,70.5819
windows,400,31,0.0954,201.8723,36.0354,72.6481
windows,400,32,0.0977,207.8017,34.625,75.4895
windows,400,33,0.1187,199.9771,31.2485,67.8086
windows,400,34,0.0435,201.9796,30.5401,68.2192
windows,400,35,0.066,198.3553,31.784,66.9472
windows,400,36,0.0995,199.2002,31.7296,66.6749
windows,400,37,0.1,195.5029,32.1207,67.1307
windows,400,38,0.0935,208.4738,32.6573,67.479
windows,400,39,0.0995,198.7353,33.0715,67.4674
windows,400,40,0.1028,198.8312,31.9399,68.5301
windows,400,41,0.0951,200.2753,33.8006,74.8554
windows,400,42,0.0986,202.212,33.6231,68.5353
windows,400,43,0.0997,199.5318,31.98,66.9139
windows,400,44,0.1015,198.5856,31.3622,68.4919
windows,400,45,0.0796,201.1426,32.2732,66.4859
windows,400,46,0.0972,198.6214,31.1843,65.1702
windows,400,47,0.0946,197.2827,31.277,66.4083
windows,400,48,0.0968,209.6527,32.8747,68.4438
windows,400,49,0.0802,199.6048,34.103,65.8606
windows,400,50,0.082,195.1857,31.9599,68.5321
windows,400,51,0.0644,203.7756,32.0578,74.9115
windows,400,52,0.0956,201.401,31.078,66.2814
windows,400,53,0.0843,200.8993,31.295,76.5292
windows,400,54,0.0939,202.6231,31.1911,68.3235
windows,400,55,0.0773,198.5989,34.3036,66.7656
windows,400,56,0.1001,202.6988,31.2768,66.9418
windows,400,57,0.1037,201.4778,32.0335,65.0388
windows,400,58,0.1017,209.4185,31.7639,67.3224
windows,400,59,0.096,202.1868,32.2486,69.0558
windows,400,60,0.0614,226.8571,44.3766,79.1897
windows,400,61,0.0735,207.2699,36.8854,67.8212
windows,400,62,0.0971,199.3335,32.7388,71.3914
windows,400,63,0.0678,214.4791,33.4338,68.2489
windows,400,64,0.0766,199.3438,32.1719,78.6628
windows,400,65,0.0481,200.5078,31.137,67.0539
windows,400,66,0.0959,198.4248,30.725,67.4898
windows,400,67,0.104,256.4656,36.3071,72.611
windows,400,68,0.0966,250.4764,39.5181,74.8094
windows,400,69,0.0886,244.2895,43.6589,81.5289
windows,400,70,0.0816,208.5013,35.437,70.987
windows,400,71,0.0847,198.0565,33.0618,67.6151
windows,400,72,0.0985,229.6525,39.1583,87.0001
windows,400,73,0.0741,236.4906,41.9756,69.8575
windows,400,74,0.0508,198.6765,31.3503,65.4887
windows,400,75,0.0979,194.4578,32.3331,65.7885
windows,400,76,0.0965,200.5565,32.4069,68.7881
windows,400,77,0.0987,200.9966,32.0531,65.9903
windows,400,78,0.1,197.4997,32.0124,65.5315
windows,400,79,0.0869,196.2738,32.1222,66.609
windows,400,80,0.0984,207.7828,32.4326,65.0107
windows,400,81,0.112,195.5385,32.0606,65.9823
windows,400,82,0.0964,197.7814,33.8208,66.119
windows,400,83,0.0771,195.6887,31.567,78.2642
windows,400,84,0.1001,196.024,31.0085,63.5693
windows,400,85,0.0769,191.6965,31.2695,65.2054
windows,400,86,0.0976,198.0666,31.7437,68.9782
windows,400,87,0.0996,202.4533,32.8067,66.9928
windows,400,88,0.0997,198.6806,32.4828,67.4299
windows,400,89,0.1029,198.3331,32.0122,65.5229
windows,400,90,0.1021,206.7473,33.3012,65.5567
windows,400,91,0.097,199.0228,31.7128,66.2356
windows,400,92,0.1049,197.2922,32.7337,66.9713
windows,400,93,0.0822,196.5003,31.2727,72.8449
windows,400,94,0.093,196.1527,31.8676,64.8228
windows,400,95,0.0961,192.5606,32.412,64.7868
windows,400,96,0.0964,197.4298,31.7834,69.5487
windows,400,97,0.101,201.3649,34.0122,65.8963
windows,400,98,0.0997,198.0753,32.2968,66.9403
windows,400,99,0.0979,200.5246,32.2282,65.6256
windows,400,100,0.0954,203.3991,33.4304,69.9544
windows,500,1,0.1001,253.3667,40.6653,85.6407
windows,500,2,0.0962,253.1094,39.2547,82.415
windows,500,3,0.1043,251.9998,41.1092,83.5417
windows,500,4,0.0787,243.8043,38.8091,83.7146
windows,500,5,0.0804,249.4624,40.1783,88.5595
windows,500,6,0.1025,252.2535,39.7179,85.7194
windows,500,7,0.1145,260.6132,41.6155,89.075
windows,500,8,0.0805,263.8827,41.5242,89.2076
windows,500,9,0.1025,276.5973,38.9773,95.7367
windows,500,10,0.0782,277.5826,39.3092,86.7823
windows,500,11,0.0454,258.4909,42.1966,82.9768
windows,500,12,0.0867,247.4958,42.337,91.9637
windows,500,13,0.0438,296.3677,44.1157,86.7887
windows,500,14,0.0875,275.4233,38.4623,82.683
windows,500,15,0.104,251.9402,40.5124,88.819
windows,500,16,0.0804,254.6762,44.795,83.6661
windows,500,17,0.082,247.5462,39.5588,82.9764
windows,500,18,0.0971,252.2144,41.0737,91.489
windows,500,19,0.0805,256.8453,121.5769,83.3113
windows,500,20,0.0814,249.5347,39.1474,82.1532
windows,500,21,0.0991,254.6228,40.1659,83.3489
windows,500,22,0.0988,245.8547,40.0946,88.6788
windows,500,23,0.0826,254.1416,41.6236,95.7042
windows,500,24,0.0416,260.5861,50.5054,91.8825
windows,500,25,0.0464,295.3335,57.1195,98.229
windows,500,26,0.0733,283.6435,53.4122,83.3758
windows,500,27,0.0819,249.2272,40.9162,85.0541
windows,500,28,0.0843,250.6763,42.5467,100.1328
windows,500,29,0.0768,263.8525,47.4794,90.7368
windows,500,30,0.1041,250.3731,38.9858,82.5122
windows,500,31,0.0988,259.2259,40.4748,84.1822
windows,500,32,0.0959,249.0082,42.6786,85.3166
windows,500,33,0.0978,253.1083,44.6333,93.8793
windows,500,34,0.0869,255.1597,42.0884,96.3229
windows,500,35,0.0522,267.3284,40.5896,94.4072
windows,500,36,0.0572,330.7506,65.1816,96.8963
windows,500,37,0.0599,269.2724,40.3934,85.5653
windows,500,38,0.0774,263.5388,44.6589,86.7227
windows,500,39,0.0859,255.645,63.093,97.2335
windows,500,40,0.0816,258.2172,41.1703,84.0372
windows,500,41,0.1042,256.1126,42.1302,83.0753
windows,500,42,0.0815,260.7113,38.3892,82.9777
windows,500,43,0.0813,256.4685,45.4645,101.4457
windows,500,44,0.0471,350.1782,44.9347,85.7405
windows,500,45,0.079,312.7728,54.2908,106.275
windows,500,46,0.0408,353.7586,78.4369,112.805
windows,500,47,0.0823,274.3379,41.6194,89.6378
windows,500,48,0.0939,322.0408,42.9653,88.2991
windows,500,49,0.121,300.2537,54.8271,97.2063
windows,500,50,0.0786,279.7807,51.1756,93.7471
windows,500,51,0.0508,283.5027,39.2755,85.2266
windows,500,52,0.0813,248.5916,39.9638,85.3152
windows,500,53,0.1007,247.4297,38.9595,82.5539
windows,500,54,0.0941,245.6702,38.5891,84.0232
windows,500,55,0.0851,253.3899,39.5855,83.7509
windows,500,56,0.0998,248.7326,41.0299,85.4289
windows,500,57,0.1034,251.9751,38.8114,85.2676
windows,500,58,0.0965,248.1255,40.1049,83.0213
windows,500,59,0.1128,247.7226,50.5966,94.5441
windows,500,60,0.0806,256.3611,50.031,84.9583
windows,500,61,0.0762,256.0667,44.2268,84.7022
windows,500,62,0.1024,247.6826,39.8071,82.9072
windows,500,63,0.0992,254.0605,39.3786,86.4832
windows,500,64,0.05,251.4457,40.1164,82.987
windows,500,65,0.0999,262.8898,48.6262,89.5529
windows,500,66,0.1044,245.5991,40.0282,82.9301
windows,500,67,0.0945,245.4745,47.0496,85.6552
windows,500,68,0.039,270.4952,41.0365,82.0596
windows,500,69,0.1012,247.5661,39.2169,82.4025
windows,500,70,0.0974,252.7013,50.7613,149.037
windows,500,71,0.0404,260.6677,38.8366,82.9896
windows,500,72,0.0952,245.0228,39.0412,88.1302
windows,500,73,0.0985,245.5195,49.2513,81.4435
windows,500,74,0.1032,246.273,40.8338,83.8185
windows,500,75,0.0799,246.4376,47.5746,90.9732
windows,500,76,0.1076,266.5168,42.3373,82.1136
windows,500,77,0.0948,244.2106,39.197,81.1969
windows,500,78,0.0981,250.7444,43.3252,88.6649
windows,500,79,0.0486,311.6253,97.2487,119.4952
windows,500,80,0.0767,347.9903,57.8896,108.4423
windows,500,81,0.0707,307.9488,54.5568,99.1781
windows,500,82,0.0803,271.2398,41.6704,87.1246
windows,500,83,0.0986,254.7686,40.7732,84.4101
windows,500,84,0.0977,263.4132,39.838,84.0046
windows,500,85,0.0987,250.3974,41.9261,92.9432
windows,500,86,0.0645,250.448,41.4084,83.1803
windows,500,87,0.0896,248.6928,38.1762,82.8867
windows,500,88,0.0978,252.0135,39.4199,82.2098
windows,500,89,0.0973,248.3173,40.6992,83.2993
windows,500,90,0.1053,250.5273,39.0978,87.5353
windows,500,91,0.0799,331.4801,41.7172,85.4739
windows,500,92,0.098,251.387,42.0449,84.7791
windows,500,93,0.0803,256.4512,40.1219,83.103
windows,500,94,0.1025,248.209,39.0208,82.7218
windows,500,95,0.099,245.9734,41.1777,82.9606
windows,500,96,0.1001,248.8587,39.4764,82.776
windows,500,97,0.1038,250.5386,40.6857,83.0211
windows,500,98,0.083,251.2651,44.9561,93.8138
windows,500,99,0.0576,250.1583,40.756,85.3354
windows,500,100,0.0973,251.533,41.8203,85.3715
windows,600,1,0.0732,317.3133,47.9816,111.5973
windows,600,2,0.2331,314.8588,47.5263,102.9495
windows,600,3,0.0998,304.1934,47.1772,102.7733
windows,600,4,0.0984,300.5078,49.7043,103.7975
windows,600,5,0.0949,303.2604,48.331,127.5113
windows,600,6,0.0883,300.3006,49.1109,101.4491
windows,600,7,0.0988,306.1745,54.2154,115.2176
windows,600,8,0.0979,301.5418,48.156,102.5071
windows,600,9,0.0927,292.3008,47.6748,103.3456
windows,600,10,0.093,306.0055,48.7208,102.8217
windows,600,11,0.0997,298.7335,47.6518,102.721
windows,600,12,0.0971,377.3728,49.218,101.8465
windows,600,13,0.0985,299.664,48.2495,100.1964
windows,600,14,0.1009,307.7222,47.7405,102.0859
windows,600,15,0.102,295.6979,47.0363,102.5165
windows,600,16,0.1013,301.6386,51.156,102.7006
windows,600,17,0.102,299.3769,48.5518,101.266
windows,600,18,0.0945,304.7811,51.166,111.7112
windows,600,19,0.0824,299.5121,51.684,100.6272
windows,600,20,0.0959,298.4042,50.4126,101.4467
windows,600,21,0.1207,301.4165,47.1847,99.7778
windows,600,22,0.0825,294.3061,47.6704,104.314
windows,600,23,0.0866,299.0248,46.9691,101.8758
windows,600,24,0.103,299.7615,53.4375,108.8033
windows,600,25,0.0948,319.5742,50.6706,102.6258
windows,600,26,0.0843,310.7409,48.1514,103.0699
windows,600,27,0.0995,311.8222,51.5146,102.1077
windows,600,28,0.1013,302.527,46.7244,100.7582
windows,600,29,0.0958,303.7227,54.1366,125.8651
windows,600,30,0.0744,300.863,48.6227,100.953
windows,600,31,0.1009,306.4613,52.312,115.3026
windows,600,32,0.097,304.641,48.247,101.6357
windows,600,33,0.1002,303.7491,47.589,105.9355
windows,600,34,0.0894,306.2846,48.2056,101.3739
windows,600,35,0.0618,301.9036,49.6936,101.7639
windows,600,36,0.082,301.1342,46.7573,99.8291
windows,600,37,0.1063,302.5586,50.2726,100.9979
windows,600,38,0.083,310.8214,47.5538,108.4491
windows,600,39,0.0839,307.3655,53.4384,103.0633
windows,600,40,0.0444,310.062,54.5938,103.3734
windows,600,41,0.0924,301.0475,48.8658,104.7004
windows,600,42,0.0712,305.3938,48.1133,120.8638
windows,600,43,0.0838,301.235,50.7798,104.4161
windows,600,44,0.094,303.9562,53.5679,104.3803
windows,600,45,0.0826,305.8027,47.8856,100.8099
windows,600,46,0.1039,308.1385,50.8287,109.9707
windows,600,47,0.1067,307.7418,49.1557,101.0379
windows,600,48,0.1012,296.3786,51.1337,100.0874
windows,600,49,0.0641,309.8176,50.615,106.4843
windows,600,50,0.1324,301.4998,52.6608,99.9019
windows,600,51,0.0971,307.9825,50.9607,101.7698
windows,600,52,0.116,304.3295,57.7809,104.9703
windows,600,53,0.0898,324.7649,56.5146,107.5772
windows,600,54,0.103,303.8615,51.5911,104.8842
windows,600,55,0.1175,313.1741,56.6895,102.2092
windows,600,56,0.1013,306.3376,49.2686,101.7572
windows,600,57,0.1049,311.5897,60.502,119.1725
windows,600,58,0.1046,352.0696,51.3771,100.1099
windows,600,59,0.0938,303.4178,53.4618,110.8289
windows,600,60,0.0969,308.448,53.7782,100.7773
windows,600,61,0.1026,312.5229,51.0975,109.0733
windows,600,62,0.1031,334.2651,46.5586,101.7456
windows,600,63,0.0992,301.2395,52.6603,102.9394
windows,600,64,0.0949,307.5703,47.7976,102.0362
windows,600,65,0.1,303.8259,50.7375,102.675
windows,600,66,0.0975,333.8397,61.8376,99.4939
windows,600,67,0.0831,299.2007,50.3307,100.1953
windows,600,68,0.0989,312.382,48.0893,103.3158
windows,600,69,0.0995,299.4224,52.6348,101.8695
windows,600,70,0.1025,314.2722,68.2541,110.9467
windows,600,71,0.0736,340.5047,70.2007,108.5193
windows,600,72,0.0974,327.6389,55.5876,101.0548
windows,600,73,0.1665,311.7793,54.9408,109.5863
windows,600,74,0.0685,361.4678,121.3932,148.9714
windows,600,75,0.1162,296.4755,48.8287,105.7017
windows,600,76,0.0963,312.4944,48.6117,103.6583
windows,600,77,0.0845,302.9898,48.0159,103.0692
windows,600,78,0.0907,308.8977,62.616,134.004
windows,600,79,0.087,314.8014,47.2988,101.1454
windows,600,80,0.1038,305.8874,58.5365,105.7838
windows,600,81,0.0718,304.9768,53.2677,109.278
windows,600,82,0.1362,300.9424,55.2482,114.2879
windows,600,83,0.0948,302.3786,52.1758,99.3316
windows,600,84,0.0841,325.6496,75.7219,149.3414
windows,600,85,0.043,362.0699,52.904,110.5439
windows,600,86,0.0845,314.4349,47.0906,103.2441
windows,600,87,0.0985,292.1023,48.4874,106.3328
windows,600,88,0.0901,385.0272,52.8902,102.1838
windows,600,89,0.0995,300.2739,47.1879,101.4992
windows,600,90,0.0982,327.1982,59.1975,117.2079
windows,600,91,0.0693,334.119,62.6376,103.1293
windows,600,92,0.0994,307.3679,47.2918,108.0142
windows,600,93,0.0962,347.5303,75.1515,142.564
windows,600,94,0.0967,357.3346,76.8166,112.0221
windows,600,95,0.0796,452.1351,68.2327,99.6809
windows,600,96,0.081,295.3032,46.4837,119.6606
windows,600,97,0.0497,334.1598,59.448,100.828
windows,600,98,0.1027,321.8431,58.8606,113.6573
windows,600,99,0.1001,321.8295,49.5147,106.5754
windows,600,100,0.1079,307.2964,52.7996,103.5859
windows,700,1,33.0748,360.5757,55.1848,136.3879
windows,700,2,0.1847,433.2124,88.775,144.8271
windows,700,3,0.0428,351.1389,61.2348,124.0724
windows,700,4,0.1031,372.0824,54.529,121.9808
windows,700,5,0.0989,348.505,54.8438,124.523
windows,700,6,0.0455,371.5345,55.4468,116.7957
windows,700,7,0.1006,355.6592,60.9281,122.0667
windows,700,8,0.1027,348.6551,55.6797,119.6726
windows,700,9,0.1086,360.303,55.2782,125.4152
windows,700,10,0.0706,371.3616,58.0563,117.3612
windows,700,11,0.1069,352.3339,54.823,134.4374
windows,700,12,0.1157,359.0269,67.7852,120.6688
windows,700,13,0.0834,365.2482,59.9497,116.8487
windows,700,14,0.1045,371.8243,59.2789,133.351
windows,700,15,0.1026,364.2672,55.4918,137.5245
windows,700,16,0.113,357.4475,59.6711,120.0644
windows,700,17,0.0529,367.0169,59.1501,119.4911
windows,700,18,0.0947,361.9416,67.551,119.3582
windows,700,19,0.1004,346.4872,56.5335,118.1266
windows,700,20,0.0989,350.2616,60.6288,141.3724
windows,700,21,0.08,356.3227,67.8959,132.0538
windows,700,22,0.0843,347.9089,67.2318,136.2314
windows,700,23,0.0861,461.9416,70.386,118.0314
windows,700,24,0.0965,372.2776,54.9944,127.1957
windows,700,25,0.0534,360.8727,55.5966,131.2504
windows,700,26,0.105,365.5113,54.3958,128.2028
windows,700,27,0.0848,354.508,57.8278,118.3753
windows,700,28,0.0922,373.2266,61.6891,125.8973
windows,700,29,0.091,348.1429,57.4176,125.3728
windows,700,30,0.099,397.1819,58.9116,115.6119
windows,700,31,0.0871,355.7483,55.8852,122.6666
windows,700,32,0.1001,399.2483,55.8572,124.3156
windows,700,33,0.0987,404.0751,63.6875,116.4394
windows,700,34,0.0994,383.5563,67.0471,119.94
windows,700,35,0.1307,383.2561,64.2035,117.5432
windows,700,36,0.1002,382.1883,80.4711,140.8023
windows,700,37,0.0701,393.1573,56.142,124.467
windows,700,38,0.1173,386.3523,56.6968,121.6298
windows,700,39,0.0994,395.9637,79.7894,126.8095
windows,700,40,0.0965,421.6804,67.4229,152.5113
windows,700,41,0.094,440.9325,62.227,130.3789
windows,700,42,0.0977,371.2826,57.3928,119.6998
windows,700,43,0.085,345.5773,58.5731,116.1465
windows,700,44,0.0863,343.5054,57.9706,118.1255
windows,700,45,0.0957,359.7673,63.7938,128.7296
windows,700,46,0.0817,389.1986,58.5584,118.1347
windows,700,47,0.0853,356.0079,58.034,118.0908
windows,700,48,0.1011,349.9484,54.9938,116.9577
windows,700,49,0.1035,347.2391,56.6449,118.3002
windows,700,50,0.0961,347.5875,54.8732,117.0109
windows,700,51,0.0979,346.6341,54.9183,119.951
windows,700,52,0.0942,343.0701,55.1955,118.792
windows,700,53,0.1043,347.1011,54.73,126.1296
windows,700,54,0.0475,420.1109,59.6456,126.5378
windows,700,55,0.1019,494.2487,86.961,149.7591
windows,700,56,0.0825,412.5509,88.924,143.3453
windows,700,57,0.0819,390.8174,66.9739,123.4341
windows,700,58,0.0988,368.4275,65.6215,131.7365
windows,700,59,0.0895,404.3946,62.1615,118.6748
windows,700,60,0.0998,361.2114,86.1158,153.7469
windows,700,61,0.0907,371.5597,56.4318,120.2374
windows,700,62,0.1039,365.693,57.1683,123.896
windows,700,63,0.092,366.614,57.2505,123.9812
windows,700,64,0.0977,414.1857,60.1993,119.1617
windows,700,65,0.0735,357.6612,57.13,125.9245
windows,700,66,0.1167,361.8547,62.887,127.3936
windows,700,67,0.0849,354.5745,60.6679,129.7755
windows,700,68,0.0462,395.1788,59.975,117.352
windows,700,69,0.0818,355.5218,65.0085,119.2922
windows,700,70,0.1024,355.9727,56.9845,121.1748
windows,700,71,0.1037,366.6413,81.6701,132.1464
windows,700,72,0.0891,496.3371,98.1409,177.4792
windows,700,73,0.0917,368.3883,52.8526,115.128
windows,700,74,0.1046,358.5769,58.7432,119.4334
windows,700,75,0.0748,351.6501,55.5464,120.5295
windows,700,76,0.0992,363.3519,58.1005,128.4567
windows,700,77,0.078,356.8399,60.1394,119.4023
windows,700,78,0.0813,359.0379,58.5751,121.5715
windows,700,79,0.094,339.1026,55.9147,115.0815
windows,700,80,0.0963,391.6424,73.344,130.1097
windows,700,81,0.1044,416.224,60.7622,157.4085
windows,700,82,0.0812,516.3892,87.0025,123.9809
windows,700,83,0.0887,373.179,86.0625,120.2118
windows,700,84,0.1029,354.605,63.1883,123.0637
windows,700,85,0.2198,422.5719,104.5137,143.7476
windows,700,86,0.0717,357.3317,63.6243,130.7605
windows,700,87,0.0942,366.7583,56.7055,124.2154
windows,700,88,0.1049,365.1334,56.667,121.9143
windows,700,89,0.0717,416.737,67.1862,121.5841
windows,700,90,0.0845,360.449,64.2609,119.5725
windows,700,91,0.0634,358.3007,62.0063,128.893
windows,700,92,0.0569,369.339,63.2965,122.7984
windows,700,93,0.0835,376.4572,106.4235,119.7172
windows,700,94,0.1043,461.0646,71.7324,128.0209
windows,700,95,0.0849,403.8907,69.9102,140.636
windows,700,96,0.0623,362.1467,67.5909,127.7995
windows,700,97,0.1061,417.2415,59.5288,118.3811
windows,700,98,0.0516,382.2885,101.1082,134.5781
windows,700,99,0.1009,367.0149,57.2246,120.4156
windows,700,100,0.0564,393.901,78.4227,156.5084
windows,800,1,0.0565,436.441,63.7618,142.8986
windows,800,2,0.1041,419.032,109.3202,209.5792
windows,800,3,0.0703,535.433,65.9297,134.1455
windows,800,4,0.0993,409.7753,64.834,135.9392
windows,800,5,0.0885,400.9503,88.6904,146.4456
windows,800,6,0.1032,393.0974,70.5805,144.9322
windows,800,7,0.1099,421.8197,81.183,145.7309
windows,800,8,0.102,428.0148,91.7833,156.5803
windows,800,9,0.0471,412.8987,68.5328,133.1485
windows,800,10,0.1047,391.2803,60.3313,133.4678
windows,800,11,0.1053,395.1642,62.3464,139.7791
windows,800,12,0.1046,389.8334,64.6035,134.5979
windows,800,13,0.1051,468.8739,61.3992,154.1033
windows,800,14,0.0838,392.2375,59.9595,134.2675
windows,800,15,0.1043,389.3252,60.5969,132.3942
windows,800,16,0.1042,388.9597,60.5018,135.5701
windows,800,17,0.0416,394.6903,61.1233,147.5372
windows,800,18,0.082,398.2012,62.7358,153.6469
windows,800,19,0.0651,395.012,60.3188,137.4534
windows,800,20,0.1305,384.7795,62.5181,135.1384
windows,800,21,0.097,387.4801,62.0652,133.8365
windows,800,22,0.1105,386.4394,62.2376,150.8696
windows,800,23,0.0767,436.9021,63.0514,144.5277
windows,800,24,0.0991,459.6766,67.2333,142.9388
windows,800,25,0.0756,440.1454,113.9281,189.4372
windows,800,26,0.0483,441.3549,65.1929,133.3031
windows,800,27,0.098,478.6395,83.8093,149.8334
windows,800,28,0.0496,510.0387,67.4885,171.9586
windows,800,29,0.0646,436.0278,81.0732,163.011
windows,800,30,0.0453,447.9999,59.8743,133.0916
windows,800,31,0.1148,387.608,63.5453,138.6668
windows,800,32,0.0698,429.8977,81.4602,150.1062
windows,800,33,0.0866,427.3262,81.616,147.334
windows,800,34,0.0919,402.7371,59.4567,140.8191
windows,800,35,0.0721,450.4666,73.901,152.596
windows,800,36,0.1504,431.573,68.8124,134.3258
windows,800,37,0.0809,382.3335,61.5786,132.035
windows,800,38,0.0965,438.3599,61.1908,136.6414
windows,800,39,0.0849,387.3407,66.0111,167.6287
windows,800,40,0.0837,470.8732,67.9511,135.1096
windows,800,41,0.1028,397.9661,62.1001,133.6879
windows,800,42,0.1003,381.0799,59.5784,132.1011
windows,800,43,0.1015,385.1484,62.8743,130.6181
windows,800,44,0.0792,413.3238,84.8527,149.2532
windows,800,45,0.0852,438.0191,76.7466,134.745
windows,800,46,0.0976,507.4011,76.4804,144.964
windows,800,47,0.0882,451.7346,109.1997,160.7355
windows,800,48,0.0822,440.9747,68.579,138.144
windows,800,49,0.0808,525.8391,65.776,158.0476
windows,800,50,0.0718,486.7606,66.6408,130.1598
windows,800,51,0.1013,386.1906,63.8559,131.5356
windows,800,52,0.0879,381.069,59.6399,130.2826
windows,800,53,0.1054,385.8198,59.6171,131.2045
windows,800,54,0.109,384.9006,61.9389,143.5503
windows,800,55,0.1395,378.5814,59.1235,131.0752
windows,800,56,0.0896,389.6203,59.2685,130.638
windows,800,57,0.1051,381.3979,59.6384,130.1951
windows,800,58,0.0887,381.3943,59.3973,129.6229
windows,800,59,0.1089,397.0367,65.0756,136.8791
windows,800,60,0.0835,395.8514,63.5002,130.1636
windows,800,61,0.1068,383.1899,64.5597,149.1588
windows,800,62,0.0907,383.475,62.5267,130.9861
windows,800,63,0.1077,386.6773,62.6953,171.1855
windows,800,64,0.2145,449.6494,88.2015,156.2516
windows,800,65,0.101,404.5985,60.042,130.8414
windows,800,66,0.0962,400.4916,80.3877,141.3326
windows,800,67,0.0835,387.6513,59.6052,170.2505
windows,800,68,0.1131,446.4721,75.3652,144.2016
windows,800,69,0.0856,423.6824,59.9217,167.3923
windows,800,70,0.0718,400.4038,73.87,134.5734
windows,800,71,0.0843,423.3756,62.0832,146.7055
windows,800,72,0.0757,399.1561,61.2848,132.1146
windows,800,73,0.0877,399.4725,59.9698,131.6674
windows,800,74,0.0811,410.1753,67.3519,139.0613
windows,800,75,0.0956,456.393,102.4454,186.8546
windows,800,76,0.0739,524.0958,97.5793,159.9182
windows,800,77,0.0807,419.6795,72.0899,133.55
windows,800,78,0.1003,383.9669,61.4175,129.7197
windows,800,79,0.0679,394.663,63.5151,133.3508
windows,800,80,0.1068,389.6893,59.1635,136.8935
windows,800,81,0.1048,387.4893,60.8795,133.1597
windows,800,82,0.1048,390.455,74.4822,143.2434
windows,800,83,0.048,408.9117,64.8922,134.3727
windows,800,84,0.1011,405.562,67.8772,136.9555
windows,800,85,0.0571,423.4248,80.0325,144.7193
windows,800,86,0.0839,418.0666,67.3033,147.8671
windows,800,87,0.1067,410.403,65.3584,144.867
windows,800,88,0.1009,400.0895,94.7348,131.6745
windows,800,89,0.1022,408.086,61.0302,134.5218
windows,800,90,0.0972,398.2837,59.8946,143.8061
windows,800,91,0.0775,411.8995,63.2826,131.0138
windows,800,92,0.1092,385.8839,59.0845,132.2682
windows,800,93,0.0975,418.7556,68.9597,140.1433
windows,800,94,0.1046,419.1543,65.7032,146.829
windows,800,95,0.0873,409.6695,82.6035,138.4776
windows,800,96,0.0835,423.0326,101.4449,143.8559
windows,800,97,0.0449,518.5862,94.2669,160.2752
windows,800,98,0.0725,422.4605,64.8226,139.8295
windows,800,99,0.0703,419.4473,71.3764,168.3139
windows,800,100,0.0601,424.5806,65.853,174.1864
windows,900,1,0.056,608.9107,79.9879,189.2793
windows,900,2,0.0472,560.4966,74.9843,161.9564
windows,900,3,0.1525,483.9998,78.7664,163.2654
windows,900,4,0.1515,631.3719,150.5075,200.8575
windows,900,5,0.0501,575.7034,82.5333,156.8279
windows,900,6,0.1072,440.0945,70.463,155.3799
windows,900,7,0.0891,438.3675,69.3897,166.8773
windows,900,8,0.1001,430.7308,69.9435,150.8536
windows,900,9,0.0991,473.7316,71.5286,166.5758
windows,900,10,0.0839,496.5034,84.8852,168.6602
windows,900,11,0.0933,445.3224,67.5313,159.4941
windows,900,12,0.1039,439.5689,89.0414,155.8715
windows,900,13,0.0703,493.9179,82.8247,167.3212
windows,900,14,0.1085,477.3695,95.3264,167.8013
windows,900,15,0.1103,503.9254,83.4104,171.6201
windows,900,16,0.0898,464.4421,70.147,152.0205
windows,900,17,0.1,511.0646,92.7752,163.2474
windows,900,18,0.0764,468.5432,69.0497,150.6912
windows,900,19,0.0997,468.0184,84.7888,169.6102
windows,900,20,0.1068,510.2288,87.2661,166.5887
windows,900,21,0.1085,467.6054,86.8988,168.7048
windows,900,22,0.0875,453.965,68.5603,148.712
windows,900,23,0.1067,454.6154,85.1314,160.1151
windows,900,24,0.1,579.4806,94.6128,191.1309
windows,900,25,0.0908,438.4443,74.6811,166.0618
windows,900,26,0.0855,504.1248,86.1741,156.087
windows,900,27,0.0997,500.3571,85.3248,172.9273
windows,900,28,0.084,450.3663,71.2597,154.103
windows,900,29,0.1016,459.9248,71.72,156.3086
windows,900,30,0.0759,444.5835,72.5474,158.5261
windows,900,31,0.0693,474.1502,81.5425,160.3678
windows,900,32,0.0866,454.9231,69.9321,152.9188
windows,900,33,0.0957,510.5389,79.6931,162.483
windows,900,34,0.0961,443.3099,70.1204,188.627
windows,900,35,0.0667,461.9786,69.9863,163.3067
windows,900,36,0.1022,434.3094,67.274,153.7614
windows,900,37,0.1142,461.5955,78.94,150.0256
windows,900,38,0.103,429.5932,85.835,167.1952
windows,900,39,0.0886,437.4148,66.9194,154.5482
windows,900,40,0.0987,451.8677,67.3868,152.1974
windows,900,41,0.1056,445.5091,68.6456,170.8538
windows,900,42,0.098,444.0209,77.7262,146.2365
windows,900,43,0.1073,503.3271,66.6551,154.3066
windows,900,44,0.0976,448.1402,75.0958,154.4663
windows,900,45,0.112,449.9549,72.7891,159.9008
windows,900,46,0.0826,459.022,72.4051,155.8723
windows,900,47,0.084,461.4677,77.0212,153.1674
windows,900,48,0.1029,463.8713,71.3708,156.2641
windows,900,49,0.0565,473.0284,71.6177,171.7433
windows,900,50,0.0806,467.0198,76.5409,154.8102
windows,900,51,0.1077,451.0914,125.6708,280.3642
windows,900,52,0.0586,478.0574,70.8042,169.2819
windows,900,53,0.1019,530.5145,77.0341,174.5891
windows,900,54,0.1999,496.1978,75.074,157.8369
windows,900,55,0.0932,507.7758,113.3703,176.5604
windows,900,56,0.1077,523.121,89.6429,178.2777
windows,900,57,0.0897,463.3966,73.5853,152.3442
windows,900,58,0.0919,459.7051,75.6796,149.2211
windows,900,59,0.095,441.9428,71.6036,166.7711
windows,900,60,0.1006,450.2636,76.1713,158.5665
windows,900,61,0.1476,486.2755,93.7502,157.2836
windows,900,62,0.101,485.3642,190.7756,239.4857
windows,900,63,0.0579,685.9981,133.6235,165.7041
windows,900,64,0.0858,433.0207,71.5115,150.7257
windows,900,65,0.0953,431.0716,68.5193,161.2774
windows,900,66,0.0983,474.1243,72.0002,150.9944
windows,900,67,0.1043,455.5909,75.195,158.5086
windows,900,68,0.0848,466.5453,68.8525,149.6506
windows,900,69,0.1009,458.6672,76.696,153.611
windows,900,70,0.0902,474.1052,75.3672,172.7197
windows,900,71,0.0469,503.6895,89.9011,165.8174
windows,900,72,0.0796,461.5105,68.4269,156.5614
windows,900,73,0.1047,444.5649,68.2644,152.4904
windows,900,74,0.0975,458.9891,68.1454,150.3438
windows,900,75,0.1036,451.5878,70.0771,164.7812
windows,900,76,0.0827,449.4489,70.8231,155.2602
windows,900,77,0.082,466.2951,79.8361,156.8783
windows,900,78,0.1002,539.0683,80.5425,160.6879
windows,900,79,0.0444,520.4097,96.8926,171.3086
windows,900,80,0.078,454.9505,70.7157,153.0997
windows,900,81,0.0902,444.1853,81.2987,164.1354
windows,900,82,0.1039,484.5077,75.0204,161.6461
windows,900,83,0.1225,432.1818,73.467,160.2056
windows,900,84,0.0856,463.9067,73.5839,166.7174
windows,900,85,0.0889,453.0791,75.7885,153.1766
windows,900,86,0.0901,437.7545,69.1348,150.3035
windows,900,87,0.1034,435.9477,67.0324,153.451
windows,900,88,0.1096,432.7693,68.4394,147.1029
windows,900,89,0.0985,438.4703,81.1875,156.7752
windows,900,90,0.0749,440.5779,69.7348,155.8021
windows,900,91,0.1002,448.1738,75.094,157.0067
windows,900,92,0.0751,455.7536,72.9109,153.7001
windows,900,93,0.0871,447.2366,70.8135,149.7737
windows,900,94,0.1046,432.1524,90.0301,161.2265
windows,900,95,0.0724,445.6645,70.0906,164.7455
windows,900,96,0.0475,445.656,72.2855,153.154
windows,900,97,0.0489,463.0673,68.5532,157.9393
windows,900,98,0.0842,447.9032,72.3207,163.5263
windows,900,99,0.0848,445.0783,69.5777,162.7297
windows,900,100,0.0839,455.6608,70.7877,159.1667
windows,1000,1,0.0922,529.8594,81.1101,169.9126
windows,1000,2,0.0925,514.1088,82.9498,191.7009
windows,1000,3,0.0894,502.9995,82.7098,168.5643
windows,1000,4,0.1046,511.2821,94.083,192.1008
windows,1000,5,0.0889,582.847,82.7636,203.4199
windows,1000,6,0.0886,510.5104,81.4934,175.4881
windows,1000,7,0.0545,510.6085,80.8442,202.0856
windows,1000,8,0.1195,554.5263,80.5336,171.8262
windows,1000,9,0.0526,609.0638,117.8096,199.8495
windows,1000,10,0.0465,548.8155,76.6611,169.1585
windows,1000,11,0.0857,521.6229,88.5251,173.4692
windows,1000,12,0.0841,551.3856,99.523,173.6591
windows,1000,13,0.0547,696.7922,130.2782,194.6265
windows,1000,14,0.0583,500.4325,94.1744,176.0828
windows,1000,15,0.1016,504.7829,79.3189,172.4531
windows,1000,16,0.0906,533.6868,74.9932,164.0112
windows,1000,17,0.1048,491.776,76.7917,184.2593
windows,1000,18,0.0869,493.2878,77.1638,185.4345
windows,1000,19,0.0529,500.1328,81.0973,170.082
windows,1000,20,0.0628,505.909,82.5172,170.499
windows,1000,21,0.0844,512.7374,78.8241,173.7514
windows,1000,22,0.0899,506.475,80.757,182.9497
windows,1000,23,0.0916,525.3527,76.5333,164.7046
windows,1000,24,0.0922,491.7791,82.8773,170.1599
windows,1000,25,0.1061,479.4322,75.4711,164.5612
windows,1000,26,0.1085,481.1412,80.086,172.5254
windows,1000,27,0.0504,510.7432,80.8556,180.6468
windows,1000,28,0.0836,490.1979,116.982,185.2877
windows,1000,29,0.1058,556.5125,75.2034,170.2773
windows,1000,30,0.1032,525.7556,79.8629,164.081
windows,1000,31,0.1081,485.203,76.7303,166.5183
windows,1000,32,0.1056,491.4469,77.9379,166.6474
windows,1000,33,0.106,493.9101,79.6624,172.3281
windows,1000,34,0.0892,504.3622,76.606,194.1801
windows,1000,35,0.0856,496.0054,79.3838,176.4426
windows,1000,36,0.085,522.6765,79.4416,166.9642
windows,1000,37,0.1055,497.6395,75.4986,176.6415
windows,1000,38,0.0529,500.6995,113.1662,165.9688
windows,1000,39,0.0828,496.3848,79.645,162.9779
windows,1000,40,0.1065,485.8579,77.9938,177.1732
windows,1000,41,0.0861,497.9239,95.5655,193.2279
windows,1000,42,0.0476,582.4752,77.681,167.4431
windows,1000,43,0.1086,488.2858,79.4805,170.133
windows,1000,44,0.1392,504.7718,83.066,182.997
windows,1000,45,0.0551,490.1697,75.0991,167.6539
windows,1000,46,0.0888,516.9454,83.1856,191.4512
windows,1000,47,0.0832,483.6512,75.3081,169.0658
windows,1000,48,0.1129,489.7218,74.6004,169.3665
windows,1000,49,0.1047,497.5668,79.451,170.5614
windows,1000,50,0.0888,494.7108,74.7769,176.0987
windows,1000,51,0.0552,585.4208,103.3815,191.6674
windows,1000,52,0.0477,560.192,75.0644,165.1867
windows,1000,53,0.0942,519.0166,75.2075,167.9823
windows,1000,54,0.1008,505.3964,86.2353,168.754
windows,1000,55,0.1081,493.7004,74.8427,170.0989
windows,1000,56,0.0554,492.7552,74.8276,172.0022
windows,1000,57,0.1051,503.9823,81.0077,170.3337
windows,1000,58,0.1065,497.6975,82.9627,191.8853
windows,1000,59,0.0794,494.6784,76.5389,173.225
windows,1000,60,0.1063,495.5927,75.1201,170.0921
windows,1000,61,0.1056,498.4362,76.3772,178.4093
windows,1000,62,0.1072,504.4841,81.3045,208.3241
windows,1000,63,0.0492,565.645,78.8471,177.0504
windows,1000,64,0.1037,512.6732,83.2894,180.6855
windows,1000,65,0.0897,515.7065,73.4357,169.9859
windows,1000,66,0.0881,532.9165,80.0169,173.9458
windows,1000,67,0.1037,498.5625,74.1641,179.1376
windows,1000,68,0.1025,504.0548,81.2611,181.4123
windows,1000,69,0.1371,484.8983,74.3576,173.0885
windows,1000,70,0.1035,499.0912,90.4053,180.0909
windows,1000,71,0.0865,505.6479,92.6061,195.563
windows,1000,72,0.0833,492.7074,81.8687,177.5492
windows,1000,73,0.066,518.656,85.547,181.4535
windows,1000,74,0.0781,650.4748,116.8039,179.7811
windows,1000,75,0.0887,510.842,77.3743,171.9298
windows,1000,76,0.1118,520.4718,95.9789,178.248
windows,1000,77,0.0563,624.0856,130.2498,225.2061
windows,1000,78,0.0474,508.68,84.3922,168.4952
windows,1000,79,0.0856,519.6448,82.4405,173.0456
windows,1000,80,0.0847,505.6742,78.7556,168.8562
windows,1000,81,0.0886,510.3106,83.5916,182.7479
windows,1000,82,0.0728,568.9625,76.9905,167.4309
windows,1000,83,0.1079,506.6135,84.7256,172.3355
windows,1000,84,0.0886,486.2624,74.9079,165.972
windows,1000,85,0.126,516.9111,81.2556,167.9416
windows,1000,86,0.1062,521.5551,79.2944,178.6192
windows,1000,87,0.0917,488.272,74.0244,167.4651
windows,1000,88,0.1043,497.5503,108.1092,183.4842
windows,1000,89,0.0855,487.949,75.4642,183.9616
windows,1000,90,0.0993,508.1229,103.4884,199.9008
windows,1000,91,0.0972,516.0506,73.4851,164.2245
windows,1000,92,0.1086,531.8358,93.5508,187.9642
windows,1000,93,0.052,619.4672,94.4321,186.7031
windows,1000,94,0.106,514.1421,82.6411,171.5907
windows,1000,95,0.1018,529.0127,94.6408,209.2353
windows,1000,96,0.0871,560.1838,80.7104,171.7474
windows,1000,97,0.1055,499.6246,78.6793,178.053
windows,1000,98,0.1448,487.517,77.5148,183.5436
windows,1000,99,0.0889,499.008,81.5796,169.8734
windows,1000,100,0.1045,545.854,78.969,178.3962
